description,label
Button clicking save not responding in dashboard,Bug Fix
Document search environment vars,Documentation
Button dark mode not responding in Android,Bug Fix
Add logout export in webhook,Feature Request
Incorrect language switch shown after Android,Bug Fix
Add option to password reset in OAuth,Feature Request
Update changelog for webhook,Documentation
Make language switch configurable,Feature Request
Add shortcut for dark mode,Feature Request
Support infinite scroll for checkout,Feature Request
Clarify billing steps in docs,Documentation
Introduce file upload filter in upload,Feature Request
Expand notifications section with example,Documentation
Clarify Android steps in docs,Documentation
App crashes when adding tag on Chrome,Bug Fix
Allow users to language switch,Feature Request
Form validation fails for sorting,Bug Fix
Expand Android section with example,Documentation
Form validation fails for file download,Bug Fix
Expand Chrome section with example,Documentation
Introduce PDF export filter in dashboard,Feature Request
Allow users to CSV export,Feature Request
Search yields empty on pagination,Bug Fix
App crashes when image preview on checkout,Bug Fix
Add troubleshooting for Safari,Documentation
Null pointer in file download flow,Bug Fix
Add option to dark mode in upload,Feature Request
Support auto-complete for Firefox,Feature Request
Expand Firefox section with example,Documentation
Introduce clicking save filter in notifications,Feature Request
Add option to filter apply in settings,Feature Request
Support PDF export for profile,Feature Request
Add adding tag export in Edge,Feature Request
Add PDF export export in S3,Feature Request
Fix typo in Chrome guide,Documentation
Make submitting form configurable,Feature Request
Fix typo in download guide,Documentation
Expand dashboard section with example,Documentation
Integrate password reset with Firefox,Feature Request
Create quickstart for search,Documentation
App crashes when sorting on Edge,Bug Fix
Document profile limitations,Documentation
Search yields empty on CSV export,Bug Fix
Slow response when file download,Bug Fix
Incorrect submitting form shown after profile,Bug Fix
Incorrect logout shown after billing,Bug Fix
Slow response when deleting item,Bug Fix
Document notifications environment vars,Documentation
Expand Chrome section with example,Documentation
Provide image preview in settings,Feature Request
App crashes when clicking save on settings,Bug Fix
App crashes when auto-complete on settings,Bug Fix
Add option to infinite scroll in billing,Feature Request
Button sorting not responding in Chrome,Bug Fix
Update changelog for reports,Documentation
Expand reports section with example,Documentation
Clarify download steps in docs,Documentation
Document reports limitations,Documentation
Slow response when deleting item,Bug Fix
Document settings limitations,Documentation
Update changelog for iOS,Documentation
Allow users to submitting form,Feature Request
Incorrect infinite scroll shown after OAuth,Bug Fix
Integrate refresh with profile,Feature Request
Provide CSV export in settings,Feature Request
Introduce clicking save filter in upload,Feature Request
Provide password reset in settings,Feature Request
App crashes when logout on Firefox,Bug Fix
Clarify checkout steps in docs,Documentation
Add troubleshooting for dashboard,Documentation
Login fails with file upload,Bug Fix
Add language switch export in download,Feature Request
Search yields empty on submitting form,Bug Fix
Create quickstart for reports,Documentation
Slow response when file upload,Bug Fix
Provide refresh in settings,Feature Request
Expand Firefox section with example,Documentation
Add option to sorting in checkout,Feature Request
App crashes when logout on iOS,Bug Fix
Support password reset for checkout,Feature Request
Login fails with file download,Bug Fix
Add troubleshooting for iOS,Documentation
Make password reset configurable,Feature Request
Fix typo in webhook guide,Documentation
Enable dark mode on iOS page,Feature Request
Support password reset for download,Feature Request
Document webhook environment vars,Documentation
Memory leak after sorting in notifications,Bug Fix
Login fails with clicking save,Bug Fix
Make password reset configurable,Feature Request
Improve README for S3 setup,Documentation
Add example for Firefox API,Documentation
Incorrect image preview shown after webhook,Bug Fix
Slow response when auto-complete,Bug Fix
Add sorting export in settings,Feature Request
Create quickstart for settings,Documentation
Page dark mode returns 500 in Chrome,Bug Fix
Make clicking save configurable,Feature Request
Page filter apply returns 500 in mobile,Bug Fix
Add example for profile API,Documentation
App crashes when file upload on notifications,Bug Fix
Integrate PDF export with settings,Feature Request
Expand upload section with example,Documentation
Expand reports section with example,Documentation
Add option to sorting in Firefox,Feature Request
Enable infinite scroll on profile page,Feature Request
Improve README for S3 setup,Documentation
Document checkout limitations,Documentation
Update changelog for webhook,Documentation
Incorrect PDF export shown after webhook,Bug Fix
Make password reset configurable,Feature Request
Add image preview export in billing,Feature Request
Integrate dark mode with search,Feature Request
Expand profile section with example,Documentation
Null pointer in sorting flow,Bug Fix
Page language switch returns 500 in billing,Bug Fix
Memory leak after submitting form in Firefox,Bug Fix
Search yields empty on file download,Bug Fix
Make auto-complete configurable,Feature Request
Search yields empty on dark mode,Bug Fix
Provide password reset in settings,Feature Request
Search yields empty on file upload,Bug Fix
Button pagination not responding in webhook,Bug Fix
Expand Safari section with example,Documentation
Add example for search API,Documentation
Null pointer in dark mode flow,Bug Fix
Enable bulk edit on search page,Feature Request
Allow users to bulk edit,Feature Request
Allow users to sorting,Feature Request
Slow response when image preview,Bug Fix
Integrate dark mode with dashboard,Feature Request
Update changelog for notifications,Documentation
Support password reset for S3,Feature Request
Allow users to filter apply,Feature Request
Improve README for webhook setup,Documentation
Support file upload for Safari,Feature Request
Provide pagination in settings,Feature Request
Improve README for Edge setup,Documentation
Add troubleshooting for download,Documentation
Page adding tag returns 500 in Firefox,Bug Fix
Support dark mode for mobile,Feature Request
Add troubleshooting for Edge,Documentation
Support file download for settings,Feature Request
Add adding tag export in billing,Feature Request
Integrate refresh with checkout,Feature Request
Provide pagination in settings,Feature Request
Page bulk edit returns 500 in S3,Bug Fix
Support CSV export for notifications,Feature Request
Add shortcut for sorting,Feature Request
Support CSV export for checkout,Feature Request
Improve README for settings setup,Documentation
Form validation fails for file download,Bug Fix
Incorrect infinite scroll shown after dashboard,Bug Fix
Page bulk edit returns 500 in dashboard,Bug Fix
Update changelog for mobile,Documentation
Slow response when file upload,Bug Fix
Document notifications environment vars,Documentation
Incorrect language switch shown after profile,Bug Fix
App crashes when refresh on Edge,Bug Fix
Clarify S3 steps in docs,Documentation
Expand OAuth section with example,Documentation
Expand iOS section with example,Documentation
Page refresh returns 500 in Firefox,Bug Fix
Null pointer in pagination flow,Bug Fix
Improve README for OAuth setup,Documentation
Add troubleshooting for Chrome,Documentation
Add option to sorting in iOS,Feature Request
Fix typo in settings guide,Documentation
Add troubleshooting for dashboard,Documentation
Document upload limitations,Documentation
Memory leak after logout in profile,Bug Fix
Integrate clicking save with reports,Feature Request
App crashes when deleting item on OAuth,Bug Fix
Make bulk edit configurable,Feature Request
Document notifications limitations,Documentation
Add filter apply export in Edge,Feature Request
Expand webhook section with example,Documentation
Login fails with dark mode,Bug Fix
Add troubleshooting for iOS,Documentation
App crashes when dark mode on OAuth,Bug Fix
Slow response when adding tag,Bug Fix
Null pointer in clicking save flow,Bug Fix
Integrate PDF export with Safari,Feature Request
Document notifications environment vars,Documentation
Add shortcut for file download,Feature Request
Button CSV export not responding in OAuth,Bug Fix
Fix typo in dashboard guide,Documentation
Page adding tag returns 500 in mobile,Bug Fix
Enable refresh on Firefox page,Feature Request
Document billing limitations,Documentation
Incorrect file upload shown after notifications,Bug Fix
Add pagination export in search,Feature Request
Provide language switch in settings,Feature Request
Add submitting form export in Edge,Feature Request
Document OAuth limitations,Documentation
Null pointer in dark mode flow,Bug Fix
Page submitting form returns 500 in settings,Bug Fix
Document Android environment vars,Documentation
Slow response when language switch,Bug Fix
Slow response when language switch,Bug Fix
Page dark mode returns 500 in mobile,Bug Fix
Add shortcut for filter apply,Feature Request
Add file upload export in download,Feature Request
Document profile environment vars,Documentation
Improve README for profile setup,Documentation
Add password reset export in OAuth,Feature Request
Add example for search API,Documentation
Fix typo in Chrome guide,Documentation
Integrate logout with Chrome,Feature Request
Provide password reset in settings,Feature Request
Fix typo in Chrome guide,Documentation
Document billing limitations,Documentation
Page logout returns 500 in billing,Bug Fix
Make refresh configurable,Feature Request
Button filter apply not responding in mobile,Bug Fix
Allow users to sorting,Feature Request
Introduce sorting filter in search,Feature Request
Introduce sorting filter in notifications,Feature Request
Incorrect CSV export shown after S3,Bug Fix
Create quickstart for Firefox,Documentation
Form validation fails for PDF export,Bug Fix
Add clicking save export in download,Feature Request
App crashes when logout on dashboard,Bug Fix
Update changelog for dashboard,Documentation
App crashes when sorting on Safari,Bug Fix
Integrate PDF export with dashboard,Feature Request
Document checkout limitations,Documentation
Search yields empty on image preview,Bug Fix
Button filter apply not responding in billing,Bug Fix
Incorrect filter apply shown after Safari,Bug Fix
Document Firefox limitations,Documentation
Null pointer in auto-complete flow,Bug Fix
Login fails with refresh,Bug Fix
Clarify search steps in docs,Documentation
Improve README for settings setup,Documentation
Enable password reset on S3 page,Feature Request
Add example for iOS API,Documentation
Add example for download API,Documentation
Add option to password reset in profile,Feature Request
Document iOS environment vars,Documentation
Clarify mobile steps in docs,Documentation
Search yields empty on deleting item,Bug Fix
Search yields empty on bulk edit,Bug Fix
Support file download for Edge,Feature Request
Slow response when sorting,Bug Fix
Memory leak after dark mode in iOS,Bug Fix
Allow users to logout,Feature Request
Add troubleshooting for OAuth,Documentation
Add example for checkout API,Documentation
Expand billing section with example,Documentation
Page filter apply returns 500 in Firefox,Bug Fix
Integrate PDF export with notifications,Feature Request
Expand settings section with example,Documentation
Update changelog for dashboard,Documentation
Add shortcut for password reset,Feature Request
Page PDF export returns 500 in reports,Bug Fix
Search yields empty on sorting,Bug Fix
Form validation fails for submitting form,Bug Fix
Slow response when dark mode,Bug Fix
Fix typo in notifications guide,Documentation
Provide PDF export in settings,Feature Request
Button pagination not responding in dashboard,Bug Fix
Memory leak after language switch in Chrome,Bug Fix
Update changelog for mobile,Documentation
Document Safari environment vars,Documentation
Support PDF export for iOS,Feature Request
Document webhook environment vars,Documentation
App crashes when sorting on profile,Bug Fix
Provide CSV export in settings,Feature Request
Create quickstart for dashboard,Documentation
Improve README for search setup,Documentation
Allow users to infinite scroll,Feature Request
Memory leak after password reset in checkout,Bug Fix
Integrate bulk edit with webhook,Feature Request
Provide CSV export in settings,Feature Request
App crashes when logout on S3,Bug Fix
Clarify notifications steps in docs,Documentation
Provide clicking save in settings,Feature Request
Make adding tag configurable,Feature Request
Integrate adding tag with settings,Feature Request
Document profile limitations,Documentation
Add example for mobile API,Documentation
Page infinite scroll returns 500 in settings,Bug Fix
Add troubleshooting for settings,Documentation
Enable pagination on checkout page,Feature Request
Improve README for S3 setup,Documentation
Make logout configurable,Feature Request
Incorrect bulk edit shown after mobile,Bug Fix
Button sorting not responding in dashboard,Bug Fix
Fix typo in Chrome guide,Documentation
Login fails with language switch,Bug Fix
Provide deleting item in settings,Feature Request
Page file download returns 500 in Edge,Bug Fix
Add pagination export in Edge,Feature Request
Memory leak after submitting form in reports,Bug Fix
Add shortcut for image preview,Feature Request
Improve README for webhook setup,Documentation
Enable auto-complete on OAuth page,Feature Request
Form validation fails for bulk edit,Bug Fix
Update changelog for download,Documentation
Enable auto-complete on webhook page,Feature Request
Document download limitations,Documentation
Add infinite scroll export in Edge,Feature Request
Add language switch export in notifications,Feature Request
Button logout not responding in webhook,Bug Fix
Update changelog for download,Documentation
Expand dashboard section with example,Documentation
Document Safari environment vars,Documentation
Allow users to refresh,Feature Request
Add troubleshooting for webhook,Documentation
Improve README for OAuth setup,Documentation
Introduce file upload filter in S3,Feature Request
Expand Chrome section with example,Documentation
Provide file download in settings,Feature Request
Expand reports section with example,Documentation
Support filter apply for OAuth,Feature Request
Add image preview export in Chrome,Feature Request
Expand profile section with example,Documentation
Add filter apply export in OAuth,Feature Request
Add shortcut for image preview,Feature Request
Make submitting form configurable,Feature Request
Add adding tag export in S3,Feature Request
Update changelog for mobile,Documentation
Form validation fails for dark mode,Bug Fix
Document billing limitations,Documentation
Incorrect dark mode shown after webhook,Bug Fix
Add example for notifications API,Documentation
Add troubleshooting for settings,Documentation
Make adding tag configurable,Feature Request
Search yields empty on PDF export,Bug Fix
Login fails with image preview,Bug Fix
Clarify S3 steps in docs,Documentation
Make deleting item configurable,Feature Request
Document Safari environment vars,Documentation
Integrate logout with OAuth,Feature Request
Add option to filter apply in OAuth,Feature Request
Add shortcut for file download,Feature Request
Expand mobile section with example,Documentation
Login fails with logout,Bug Fix
Document search environment vars,Documentation
Allow users to auto-complete,Feature Request
Add refresh export in settings,Feature Request
Integrate logout with Safari,Feature Request
Expand mobile section with example,Documentation
Incorrect deleting item shown after reports,Bug Fix
Add troubleshooting for upload,Documentation
Form validation fails for auto-complete,Bug Fix
Support sorting for Android,Feature Request
Integrate logout with notifications,Feature Request
Button refresh not responding in upload,Bug Fix
Improve README for dashboard setup,Documentation
Introduce file upload filter in profile,Feature Request
Improve README for S3 setup,Documentation
Introduce refresh filter in download,Feature Request
Introduce language switch filter in S3,Feature Request
Null pointer in pagination flow,Bug Fix
Incorrect language switch shown after download,Bug Fix
Enable submitting form on dashboard page,Feature Request
Add option to clicking save in checkout,Feature Request
Fix typo in Android guide,Documentation
Slow response when language switch,Bug Fix
App crashes when file upload on settings,Bug Fix
Update changelog for S3,Documentation
Null pointer in infinite scroll flow,Bug Fix
Integrate PDF export with Edge,Feature Request
Add example for checkout API,Documentation
Button CSV export not responding in dashboard,Bug Fix
Clarify billing steps in docs,Documentation
Login fails with CSV export,Bug Fix
App crashes when dark mode on Chrome,Bug Fix
Memory leak after deleting item in S3,Bug Fix
Fix typo in upload guide,Documentation
Button sorting not responding in iOS,Bug Fix
Form validation fails for CSV export,Bug Fix
Login fails with pagination,Bug Fix
Fix typo in checkout guide,Documentation
Page clicking save returns 500 in Chrome,Bug Fix
Button CSV export not responding in reports,Bug Fix
Expand profile section with example,Documentation
Page dark mode returns 500 in iOS,Bug Fix
Fix typo in checkout guide,Documentation
Slow response when CSV export,Bug Fix
Make adding tag configurable,Feature Request
Page language switch returns 500 in download,Bug Fix
Incorrect deleting item shown after Chrome,Bug Fix
Update changelog for mobile,Documentation
Memory leak after refresh in Safari,Bug Fix
Provide file upload in settings,Feature Request
Slow response when infinite scroll,Bug Fix
Incorrect password reset shown after search,Bug Fix
Allow users to infinite scroll,Feature Request
Memory leak after clicking save in OAuth,Bug Fix
Null pointer in sorting flow,Bug Fix
Provide pagination in settings,Feature Request
Page file upload returns 500 in search,Bug Fix
Memory leak after language switch in iOS,Bug Fix
Fix typo in upload guide,Documentation
Clarify dashboard steps in docs,Documentation
Create quickstart for iOS,Documentation
Button refresh not responding in webhook,Bug Fix
Document download environment vars,Documentation
App crashes when language switch on download,Bug Fix
Add example for search API,Documentation
Login fails with PDF export,Bug Fix
Button auto-complete not responding in Chrome,Bug Fix
App crashes when file download on billing,Bug Fix
Add file upload export in search,Feature Request
Page image preview returns 500 in billing,Bug Fix
Add shortcut for PDF export,Feature Request
Expand mobile section with example,Documentation
Integrate password reset with OAuth,Feature Request
Provide language switch in settings,Feature Request
Document OAuth limitations,Documentation
Fix typo in Edge guide,Documentation
Provide language switch in settings,Feature Request
Clarify upload steps in docs,Documentation
Update changelog for checkout,Documentation
Support infinite scroll for Firefox,Feature Request
Page deleting item returns 500 in profile,Bug Fix
Document webhook environment vars,Documentation
Expand webhook section with example,Documentation
Button sorting not responding in profile,Bug Fix
Form validation fails for deleting item,Bug Fix
Enable submitting form on dashboard page,Feature Request
Document billing environment vars,Documentation
Add dark mode export in profile,Feature Request
Incorrect sorting shown after download,Bug Fix
Add troubleshooting for Chrome,Documentation
Allow users to refresh,Feature Request
Login fails with PDF export,Bug Fix
Expand dashboard section with example,Documentation
Update changelog for Chrome,Documentation
Document Safari environment vars,Documentation
Introduce dark mode filter in Chrome,Feature Request
Make auto-complete configurable,Feature Request
Create quickstart for billing,Documentation
Document checkout environment vars,Documentation
Create quickstart for iOS,Documentation
Introduce sorting filter in Chrome,Feature Request
Introduce PDF export filter in iOS,Feature Request
Allow users to filter apply,Feature Request
Login fails with dark mode,Bug Fix
Add shortcut for CSV export,Feature Request
Null pointer in language switch flow,Bug Fix
Page pagination returns 500 in reports,Bug Fix
Search yields empty on CSV export,Bug Fix
Add shortcut for bulk edit,Feature Request
Make adding tag configurable,Feature Request
Page password reset returns 500 in Chrome,Bug Fix
Page language switch returns 500 in Chrome,Bug Fix
